Section_UUID	Page	Display_Order	Section_Type	Section_Data	Hidden	Is_Required
SEC-1	/	10	hero-map	{"headingLead":"Get it approved","headingJoin":"in","standfirst":"46 markets, 6 regions, in-house delivery.","actions":[{"label":"Speak to an Expert","href":"/contact/enquiry","variant":"solid"},{"label":"Our operating model","href":"/company/operating-model","variant":"quiet"}],"defaultMarket":"india","marketSource":"all","cardLabel":"Market status","tickerLabel":"Latest updates","ticker":[{"source":"India · CDSCO","text":"import licence timeline revised"},{"source":"Saudi Arabia · SFDA","text":"variation guidance updated"},{"source":"Nigeria · NAFDAC","text":"renewal window opens"},{"source":"Kenya · PPB","text":"retention fee schedule published"},{"source":"Uzbekistan","text":"pharmacovigilance inspection notice"},{"source":"Peru · DIGEMID","text":"labelling annex revised"}]}	false	true
SEC-2	/	20	explore-journeys	{"eyebrow":"Explore","heading":"Start with the problem, not our service names.","standfirst":"Most people arrive knowing the outcome they need, not what the industry calls it.","linkLabel":"Explore","items":[{"title":"Enter a new market","body":"Pathway, classification and the filing route for a country you have never registered in.","href":"/explore/business-needs","resting":false},{"title":"Build or maintain PV compliance","body":"A local QPPV, case intake and the aggregate reports the authority expects.","href":"/expertise/pharmacovigilance","resting":false},{"title":"Establish local representation or MAH","body":"A licence holder where you have no legal entity, with obligations managed for you.","href":"/expertise/mah-local-representation","resting":false},{"title":"Not sure where to start","body":"Tell us the product and the destination. We will map the pathway and come back.","href":"/explore/questionnaire","resting":false}],"certificationsLabel":"Certified & compliant","showCertifications":true}	false	true
SEC-3	/	30	statement	{"eyebrow":"Where regulatory clarity becomes market access","lead":"We do not sell hours. We take responsibility for an outcome — a licence granted, a QPPV on record, a market opened","tail":"— and we stay accountable for it long after the approval letter arrives, across every renewal, variation and inspection that follows.","actions":[{"label":"Speak to an Expert","href":"/contact","variant":"solid"},{"label":"Our operating model","href":"/company/operating-model","variant":"outline"}]}	false	true
SEC-4	/	40	capability-panels	{"eyebrow":"Service overview","heading":"Three core capabilities.","intro":"Engage a single capability or hand over the whole lifecycle. One regional team, one commercial relationship, whichever you choose.","linkLabel":"All expertise","linkHref":"/expertise","items":[{"title":"Regulatory Affairs","body":"Strategy and intelligence, dossier preparation, eCTD publishing, submission management, approvals and lifecycle change.","tags":["Dossier","eCTD","Variations","Renewals"],"emphasis":"primary","wide":false},{"title":"Pharmacovigilance","body":"Local QPPV and deputy cover, ICSR intake, literature monitoring, aggregate reporting and inspection readiness.","tags":["QPPV","PSUR / PBRER","PSMF","Inspections"],"emphasis":"secondary","wide":false},{"title":"MAH & Local Representation","body":"Licence holding and local representation in markets where you have no legal entity — obligations, authority correspondence and lifecycle duties managed on your behalf, by people on record with the authority.","tags":["Licence holding","Authority communication","Lifecycle support"],"emphasis":"deep","wide":true}]}	false	true
SEC-5	/	50	industry-index	{"eyebrow":"Industries & product categories","heading":"Specialist support across regulated product categories.","standfirst":"Category knowledge stays connected to local market requirements, submission pathways and lifecycle obligations.","countLabel":"types","items":[{"title":"Pharmaceuticals","summary":"Prescription, OTC and complex portfolios","icon":"pharmaceuticals","href":"/industries/pharmaceuticals","productTypes":["Generics","NCEs / NDAs","Biologics","Biosimilars","Vaccines","Oncology","Sterile injectables","Controlled substances","Paediatric formulations","Fixed-dose combinations"]},{"title":"Medical Devices & IVDs","summary":"Classification, registration and lifecycle","icon":"devices","href":"/industries/medical-devices","productTypes":["Class I–III devices","In-vitro diagnostics","Software as a medical device","Implantables","Electro-medical","Sterile single-use","Combination products"]},{"title":"Food Supplements","summary":"Market pathway and compliance support","icon":"supplements","href":"/industries/food-supplements","productTypes":["Nutraceuticals","Vitamins & minerals","Botanicals","Sports nutrition","Infant nutrition","Medical foods"]},{"title":"Cosmetics","summary":"Notification, claims and local requirements","icon":"cosmetics","href":"/industries/cosmetics","productTypes":["Skin care","Hair care","Colour cosmetics","Sunscreens","Oral care","Fragrances"]},{"title":"Veterinary Products","summary":"Regulatory planning and market support","icon":"veterinary","href":"/industries/veterinary","productTypes":["Companion animal","Livestock","Vaccines","Feed additives","Antiparasitics"]}]}	false	true
SEC-6	/	60	region-cards	{"eyebrow":"Global presence","heading":"Local execution across emerging markets —","headingTail":"46 markets, one accountability team","regions":[{"name":"Asia Pacific","count":"15","href":"/markets/asia-pacific","markets":[{"name":"India","href":"/markets/asia-pacific/india"},{"name":"Sri Lanka","href":"/markets/asia-pacific/sri-lanka"},{"name":"Philippines","href":"/markets/asia-pacific/philippines"},{"name":"Myanmar","href":"/markets/asia-pacific/myanmar"},{"name":"Vietnam","href":"/markets/asia-pacific/vietnam"},{"name":"Thailand","href":"/markets/asia-pacific/thailand"},{"name":"Indonesia","href":"/markets/asia-pacific/indonesia"},{"name":"Malaysia","href":"/markets/asia-pacific/malaysia"},{"name":"Singapore","href":"/markets/asia-pacific/singapore"},{"name":"Hong Kong","href":"/markets/asia-pacific/hong-kong"},{"name":"Taiwan","href":"/markets/asia-pacific/taiwan"},{"name":"Cambodia","href":"/markets/asia-pacific/cambodia"},{"name":"Brunei","href":"/markets/asia-pacific/brunei"},{"name":"Laos","href":"/markets/asia-pacific/laos"},{"name":"Pakistan","href":"/markets/asia-pacific/pakistan"}]},{"name":"Africa","count":"17","href":"/markets/africa","markets":[{"name":"Nigeria","href":"/markets/africa/nigeria"},{"name":"Kenya","href":"/markets/africa/kenya"},{"name":"South Africa","href":"/markets/africa/south-africa"},{"name":"Tanzania","href":"/markets/africa/tanzania"},{"name":"Ethiopia","href":"/markets/africa/ethiopia"},{"name":"Uganda","href":"/markets/africa/uganda"},{"name":"Zimbabwe","href":"/markets/africa/zimbabwe"},{"name":"Ghana","href":"/markets/africa/ghana"},{"name":"Côte d’Ivoire","href":"/markets/africa/cote-divoire"},{"name":"Senegal","href":"/markets/africa/senegal"},{"name":"Burkina Faso","href":"/markets/africa/burkina-faso"},{"name":"Togo","href":"/markets/africa/togo"},{"name":"Benin","href":"/markets/africa/benin"},{"name":"Cameroon","href":"/markets/africa/cameroon"},{"name":"DR Congo","href":"/markets/africa/dr-congo"},{"name":"Chad","href":"/markets/africa/chad"},{"name":"Madagascar","href":"/markets/africa/madagascar"}]},{"name":"Latin America","count":"06","href":"/markets/latin-america","markets":[{"name":"Peru","href":"/markets/latin-america/peru"},{"name":"Chile","href":"/markets/latin-america/chile"},{"name":"Guatemala","href":"/markets/latin-america/guatemala"},{"name":"Honduras","href":"/markets/latin-america/honduras"},{"name":"El Salvador","href":"/markets/latin-america/el-salvador"},{"name":"Nicaragua","href":"/markets/latin-america/nicaragua"}]},{"name":"CIS","count":"04","href":"/markets/cis","markets":[{"name":"Uzbekistan","href":"/markets/cis/uzbekistan"},{"name":"Kazakhstan","href":"/markets/cis/kazakhstan"},{"name":"Kyrgyzstan","href":"/markets/cis/kyrgyzstan"},{"name":"Azerbaijan","href":"/markets/cis/azerbaijan"}]},{"name":"Middle East","count":"02","href":"/markets/middle-east","markets":[{"name":"Saudi Arabia","href":"/markets/middle-east/saudi-arabia"},{"name":"United Arab Emirates","href":"/markets/middle-east/united-arab-emirates"}]},{"name":"Eastern Europe","count":"02","href":"/markets/eastern-europe","markets":[{"name":"Russia","href":"/markets/eastern-europe/russia"},{"name":"Ukraine","href":"/markets/eastern-europe/ukraine"}]}],"footnoteLeft":"Every market name links to its country page","footnoteRight":"Markets shown as points · no international boundaries are drawn"}	false	true
SEC-7	/	70	process-grid	{"eyebrow":"Operating model","heading":"Twelve stages, filing to withdrawal.","standfirst":"The same team carries a product from the first strategy call through every renewal that follows.","stages":[{"title":"Regulatory strategy","body":"Target markets, pathway and sequencing agreed before anything is written."},{"title":"Regulatory intelligence","body":"Current country requirements, mapped and kept current."},{"title":"Classification & gap analysis","body":"What you have, against what each authority expects."},{"title":"Dossier preparation","body":"Compiled to the receiving authority's format, not a generic template."},{"title":"eCTD publishing","body":"Validated output, lifecycle-ready sequences."},{"title":"Submission management","body":"Filed locally, tracked centrally, reported to you."},{"title":"Authority interaction","body":"Queries answered by the people who wrote the dossier."},{"title":"Approval","body":"The licence issued, with every commitment logged for what follows."},{"title":"Lifecycle management","body":"Variations, renewals, transfers, notifications, withdrawals."},{"title":"MAH / local representation","body":"Licence held locally where you have no entity."},{"title":"Pharmacovigilance","body":"Local QPPV, case processing, aggregate reports, inspections."},{"title":"Dedicated resource","body":"Named FTE and embedded teams as the portfolio grows."}]}	false	true
SEC-8	/	80	pill-row	{"eyebrow":"Engagement models","heading":"Six ways to work with us.","standfirst":"Scope, governance and reporting are agreed up front, whichever shape the engagement takes.","items":[{"label":"Project-based support"},{"label":"Managed services"},{"label":"QPPV / dedicated FTE"},{"label":"Hybrid onsite deployment"},{"label":"Embedded regulatory teams"},{"label":"Strategic partnership"}]}	false	true
SEC-9	/	90	value-grid	{"eyebrow":"Why Genedrift","heading":"More than a service provider. A long-term regulatory partner.","items":[{"title":"Fully in-house delivery","body":"No subcontractors. The team that files your dossier maintains it."},{"title":"Genuine local expertise","body":"In-country specialists who know the authority, not a remote desk."},{"title":"Regional project management","body":"One commercial partner and one project manager across every market."},{"title":"Quality-driven execution","body":"ISO-certified management systems and inspection-ready documentation."}]}	false	true
SEC-10	/	100	proof-billboard	{"eyebrow":"Client impact","heading":"Work our clients let us talk about.","standfirst":"Three engagements, each tagged to a capability and a market so the same record surfaces on those pages too.","cases":[{"label":"Pharmacovigilance · QPPV","title":"Leading consumer healthcare company","body":"Local QPPV, Deputy QPPV and end-to-end pharmacovigilance support across the local market, with inspection-ready documentation maintained throughout.","tags":["Pharmacovigilance","QPPV","Local market"]},{"label":"Dedicated FTE · Lifecycle","title":"Leading US regulatory consulting organisation","body":"Dedicated FTE supporting lifecycle management for 170+ products, with hybrid onsite deployment scaled to the client's filing calendar.","tags":["Dedicated FTE","Lifecycle management","Hybrid onsite"]},{"label":"Intelligence · Saudi Arabia","title":"Multinational regulatory intelligence programme","body":"50+ regulatory intelligence reports and 10+ Saudi regulatory roadmaps delivered for multinational organisations entering the Gulf.","tags":["Regulatory intelligence","Saudi Arabia","Roadmaps"]}]}	false	true
SEC-11	/	110	insight-feed	{"eyebrow":"Knowledge Hub","heading":"Regulatory intelligence, structured.","standfirst":"Published from the editorial workspace your team already uses.","featured":{"kind":"Featured insight","meta":"[DATE] · [READ TIME]","title":"[FEATURED ARTICLE HEADLINE — editor-curated from the Knowledge Hub]","standfirst":"[Two-to-three line standfirst. Records carry content type, market, capability and industry tags so this module is curated without changing the source record.]","href":"/insights"},"listLabel":"Latest updates & blogs","listLinkLabel":"View all","listLinkHref":"/insights","items":[{"kind":"Regulatory update","meta":"[MARKET] · [DATE]","title":"[AUTHORITY UPDATE HEADLINE]","href":"/insights/regulatory-updates"},{"kind":"Country intelligence","meta":"[MARKET] · [DATE]","title":"[COUNTRY INTELLIGENCE HEADLINE]","href":"/insights/country-intelligence"},{"kind":"Blog","meta":"[CAPABILITY] · [DATE]","title":"[BLOG TITLE]","href":"/insights"},{"kind":"Whitepaper","meta":"[REGION] · [DATE]","title":"[WHITEPAPER TITLE]","href":"/insights/whitepapers"}]}	false	true
SEC-12	/	120	contact-split	{"eyebrow":"Speak to an expert","heading":"Tell us the product and the market. We'll map the pathway.","fields":[{"label":"Name","wide":false},{"label":"Work email","wide":false},{"label":"Company","wide":false},{"label":"Country","wide":false},{"label":"Contact number","wide":false},{"label":"Purpose / remarks — tell us why you are getting in touch","wide":true}],"submitLabel":"Submit enquiry","submitHref":"/contact/enquiry","routes":[{"title":"Request a proposal","body":"Defined scope, timeline and commercial terms.","href":"/contact/proposal","emphasis":"neutral"},{"title":"Partnership enquiry","body":"For CROs, consultancies and local agents.","href":"/contact/partnership","emphasis":"neutral"},{"title":"Submit your CV","body":"Looking to join us? Send your CV and see the roles we are hiring for.","href":"/careers","linkLabel":"View openings","emphasis":"neutral"},{"title":"Pharmacovigilance & safety","body":"Report an adverse event or product safety concern. Handled separately from commercial enquiries.","href":"/contact/safety","linkLabel":"Safety reporting","emphasis":"safety"}],"generalLabel":"General enquiries","generalEmail":"cs@genedrift.com"}	false	true
SEC-explore-1	/explore	10	page-head	{"eyebrow":"Explore","heading":"Start with the problem, not our service names.","headingTail":"Most people arrive knowing the outcome they need, not what the industry calls it.","actions":[{"label":"Speak to an Expert","href":"/contact/enquiry","variant":"solid"},{"label":"Our operating model","href":"/company/operating-model","variant":"quiet"}]}	false	true
SEC-explore-2	/explore	20	sub-capability-grid	{"eyebrow":"In this section","heading":"Everything under Explore.","standfirst":"Each area is owned by the team that delivers it.","navSource":"explore","items":[]}	false	true
SEC-explore-3	/explore	30	explore-journeys	{"eyebrow":"Explore","heading":"Start with the problem, not our service names.","standfirst":"Most people arrive knowing the outcome they need, not what the industry calls it.","linkLabel":"Explore","items":[{"title":"Enter a new market","body":"Pathway, classification and the filing route for a country you have never registered in.","href":"/explore/business-needs","resting":false},{"title":"Build or maintain PV compliance","body":"A local QPPV, case intake and the aggregate reports the authority expects.","href":"/expertise/pharmacovigilance","resting":false},{"title":"Establish local representation or MAH","body":"A licence holder where you have no legal entity, with obligations managed for you.","href":"/expertise/mah-local-representation","resting":false},{"title":"Not sure where to start","body":"Tell us the product and the destination. We will map the pathway and come back.","href":"/explore/questionnaire","resting":false}],"certificationsLabel":"Certified & compliant","showCertifications":true}	false	true
SEC-explore-4	/explore	40	industry-index	{"eyebrow":"Industries & product categories","heading":"Specialist support across regulated product categories.","standfirst":"Category knowledge stays connected to local market requirements, submission pathways and lifecycle obligations.","countLabel":"types","items":[{"title":"Pharmaceuticals","summary":"Prescription, OTC and complex portfolios","icon":"pharmaceuticals","href":"/industries/pharmaceuticals","productTypes":["Generics","NCEs / NDAs","Biologics","Biosimilars","Vaccines","Oncology","Sterile injectables","Controlled substances","Paediatric formulations","Fixed-dose combinations"]},{"title":"Medical Devices & IVDs","summary":"Classification, registration and lifecycle","icon":"devices","href":"/industries/medical-devices","productTypes":["Class I–III devices","In-vitro diagnostics","Software as a medical device","Implantables","Electro-medical","Sterile single-use","Combination products"]},{"title":"Food Supplements","summary":"Market pathway and compliance support","icon":"supplements","href":"/industries/food-supplements","productTypes":["Nutraceuticals","Vitamins & minerals","Botanicals","Sports nutrition","Infant nutrition","Medical foods"]},{"title":"Cosmetics","summary":"Notification, claims and local requirements","icon":"cosmetics","href":"/industries/cosmetics","productTypes":["Skin care","Hair care","Colour cosmetics","Sunscreens","Oral care","Fragrances"]},{"title":"Veterinary Products","summary":"Regulatory planning and market support","icon":"veterinary","href":"/industries/veterinary","productTypes":["Companion animal","Livestock","Vaccines","Feed additives","Antiparasitics"]}]}	false	true
SEC-explore-5	/explore	50	faq-accordion	{"eyebrow":"Common questions","heading":"What people ask before they engage.","items":[{"question":"Do we need a local entity to register a product?","answer":"Placeholder answer — the client's regulatory team must supply and approve this. In most markets a local presence of some form is required, but the specific mechanism varies by country and product type."},{"question":"Can you hold the marketing authorisation on our behalf?","answer":"Placeholder answer. MAH and local representation is one of the three core capabilities; availability differs per market and is shown on each country page."},{"question":"How is pharmacovigilance handled across multiple markets?","answer":"Placeholder answer covering local QPPV cover, case intake, aggregate reporting and inspection readiness."},{"question":"What happens after approval?","answer":"Placeholder answer covering variations, renewals, transfers and withdrawals — stages nine through twelve of the operating model."}]}	false	true
SEC-explore-6	/explore	60	contact-split	{"eyebrow":"Speak to an expert","heading":"Tell us the product and the market. We'll map the pathway.","fields":[{"label":"Name","wide":false},{"label":"Work email","wide":false},{"label":"Company","wide":false},{"label":"Country","wide":false},{"label":"Contact number","wide":false},{"label":"Purpose / remarks — tell us why you are getting in touch","wide":true}],"submitLabel":"Submit enquiry","submitHref":"/contact/enquiry","routes":[{"title":"Request a proposal","body":"Defined scope, timeline and commercial terms.","href":"/contact/proposal","emphasis":"neutral"},{"title":"Partnership enquiry","body":"For CROs, consultancies and local agents.","href":"/contact/partnership","emphasis":"neutral"},{"title":"Submit your CV","body":"Looking to join us? Send your CV and see the roles we are hiring for.","href":"/careers","linkLabel":"View openings","emphasis":"neutral"},{"title":"Pharmacovigilance & safety","body":"Report an adverse event or product safety concern. Handled separately from commercial enquiries.","href":"/contact/safety","linkLabel":"Safety reporting","emphasis":"safety"}],"generalLabel":"General enquiries","generalEmail":"cs@genedrift.com"}	false	true
SEC-expertise-1	/expertise	10	page-head	{"eyebrow":"Expertise","heading":"Regulatory Affairs, Pharmacovigilance and local representation,","headingTail":"delivered in-house by the people who stay accountable after approval.","actions":[{"label":"Speak to an Expert","href":"/contact/enquiry","variant":"solid"},{"label":"Our operating model","href":"/company/operating-model","variant":"quiet"}]}	false	true
SEC-expertise-2	/expertise	20	sub-capability-grid	{"eyebrow":"In this section","heading":"Everything under Expertise.","standfirst":"Each area is owned by the team that delivers it.","navSource":"expertise","items":[]}	false	true
SEC-expertise-3	/expertise	30	capability-panels	{"eyebrow":"Service overview","heading":"Three core capabilities.","intro":"Engage a single capability or hand over the whole lifecycle. One regional team, one commercial relationship, whichever you choose.","linkLabel":"All expertise","linkHref":"/expertise","items":[{"title":"Regulatory Affairs","body":"Strategy and intelligence, dossier preparation, eCTD publishing, submission management, approvals and lifecycle change.","tags":["Dossier","eCTD","Variations","Renewals"],"emphasis":"primary","wide":false},{"title":"Pharmacovigilance","body":"Local QPPV and deputy cover, ICSR intake, literature monitoring, aggregate reporting and inspection readiness.","tags":["QPPV","PSUR / PBRER","PSMF","Inspections"],"emphasis":"secondary","wide":false},{"title":"MAH & Local Representation","body":"Licence holding and local representation in markets where you have no legal entity — obligations, authority correspondence and lifecycle duties managed on your behalf, by people on record with the authority.","tags":["Licence holding","Authority communication","Lifecycle support"],"emphasis":"deep","wide":true}]}	false	true
SEC-expertise-4	/expertise	40	process-grid	{"eyebrow":"Operating model","heading":"Twelve stages, filing to withdrawal.","standfirst":"The same team carries a product from the first strategy call through every renewal that follows.","stages":[{"title":"Regulatory strategy","body":"Target markets, pathway and sequencing agreed before anything is written."},{"title":"Regulatory intelligence","body":"Current country requirements, mapped and kept current."},{"title":"Classification & gap analysis","body":"What you have, against what each authority expects."},{"title":"Dossier preparation","body":"Compiled to the receiving authority's format, not a generic template."},{"title":"eCTD publishing","body":"Validated output, lifecycle-ready sequences."},{"title":"Submission management","body":"Filed locally, tracked centrally, reported to you."},{"title":"Authority interaction","body":"Queries answered by the people who wrote the dossier."},{"title":"Approval","body":"The licence issued, with every commitment logged for what follows."},{"title":"Lifecycle management","body":"Variations, renewals, transfers, notifications, withdrawals."},{"title":"MAH / local representation","body":"Licence held locally where you have no entity."},{"title":"Pharmacovigilance","body":"Local QPPV, case processing, aggregate reports, inspections."},{"title":"Dedicated resource","body":"Named FTE and embedded teams as the portfolio grows."}]}	false	true
SEC-expertise-5	/expertise	50	pill-row	{"eyebrow":"Engagement models","heading":"Six ways to work with us.","standfirst":"Scope, governance and reporting are agreed up front, whichever shape the engagement takes.","items":[{"label":"Project-based support"},{"label":"Managed services"},{"label":"QPPV / dedicated FTE"},{"label":"Hybrid onsite deployment"},{"label":"Embedded regulatory teams"},{"label":"Strategic partnership"}]}	false	true
SEC-expertise-6	/expertise	60	faq-accordion	{"eyebrow":"Common questions","heading":"What people ask before they engage.","items":[{"question":"Do we need a local entity to register a product?","answer":"Placeholder answer — the client's regulatory team must supply and approve this. In most markets a local presence of some form is required, but the specific mechanism varies by country and product type."},{"question":"Can you hold the marketing authorisation on our behalf?","answer":"Placeholder answer. MAH and local representation is one of the three core capabilities; availability differs per market and is shown on each country page."},{"question":"How is pharmacovigilance handled across multiple markets?","answer":"Placeholder answer covering local QPPV cover, case intake, aggregate reporting and inspection readiness."},{"question":"What happens after approval?","answer":"Placeholder answer covering variations, renewals, transfers and withdrawals — stages nine through twelve of the operating model."}]}	false	true
SEC-expertise-7	/expertise	70	contact-split	{"eyebrow":"Speak to an expert","heading":"Tell us the product and the market. We'll map the pathway.","fields":[{"label":"Name","wide":false},{"label":"Work email","wide":false},{"label":"Company","wide":false},{"label":"Country","wide":false},{"label":"Contact number","wide":false},{"label":"Purpose / remarks — tell us why you are getting in touch","wide":true}],"submitLabel":"Submit enquiry","submitHref":"/contact/enquiry","routes":[{"title":"Request a proposal","body":"Defined scope, timeline and commercial terms.","href":"/contact/proposal","emphasis":"neutral"},{"title":"Partnership enquiry","body":"For CROs, consultancies and local agents.","href":"/contact/partnership","emphasis":"neutral"},{"title":"Submit your CV","body":"Looking to join us? Send your CV and see the roles we are hiring for.","href":"/careers","linkLabel":"View openings","emphasis":"neutral"},{"title":"Pharmacovigilance & safety","body":"Report an adverse event or product safety concern. Handled separately from commercial enquiries.","href":"/contact/safety","linkLabel":"Safety reporting","emphasis":"safety"}],"generalLabel":"General enquiries","generalEmail":"cs@genedrift.com"}	false	true
SEC-client-success-1	/client-success	10	page-head	{"eyebrow":"Client impact","heading":"Work our clients let us talk about.","headingTail":"Each engagement tagged to a capability and a market.","actions":[{"label":"Speak to an Expert","href":"/contact/enquiry","variant":"solid"},{"label":"Our operating model","href":"/company/operating-model","variant":"quiet"}]}	false	true
SEC-client-success-2	/client-success	20	sub-capability-grid	{"eyebrow":"In this section","heading":"Everything under Client impact.","standfirst":"Each area is owned by the team that delivers it.","navSource":"client-success","items":[]}	false	true
SEC-client-success-3	/client-success	30	metric-row	{"eyebrow":"By the numbers","heading":"What the last few years look like.","items":[{"value":"46","label":"Markets","note":"Across six regions"},{"value":"170+","label":"Products","note":"Lifecycle managed for one client"},{"value":"50+","label":"Intelligence reports","note":"Delivered to multinationals"},{"value":"10+","label":"Saudi roadmaps","note":"For Gulf market entry"}]}	false	true
SEC-client-success-4	/client-success	40	proof-billboard	{"eyebrow":"Client impact","heading":"Work our clients let us talk about.","standfirst":"Three engagements, each tagged to a capability and a market so the same record surfaces on those pages too.","cases":[{"label":"Pharmacovigilance · QPPV","title":"Leading consumer healthcare company","body":"Local QPPV, Deputy QPPV and end-to-end pharmacovigilance support across the local market, with inspection-ready documentation maintained throughout.","tags":["Pharmacovigilance","QPPV","Local market"]},{"label":"Dedicated FTE · Lifecycle","title":"Leading US regulatory consulting organisation","body":"Dedicated FTE supporting lifecycle management for 170+ products, with hybrid onsite deployment scaled to the client's filing calendar.","tags":["Dedicated FTE","Lifecycle management","Hybrid onsite"]},{"label":"Intelligence · Saudi Arabia","title":"Multinational regulatory intelligence programme","body":"50+ regulatory intelligence reports and 10+ Saudi regulatory roadmaps delivered for multinational organisations entering the Gulf.","tags":["Regulatory intelligence","Saudi Arabia","Roadmaps"]}]}	false	true
SEC-client-success-5	/client-success	50	faq-accordion	{"eyebrow":"Common questions","heading":"What people ask before they engage.","items":[{"question":"Do we need a local entity to register a product?","answer":"Placeholder answer — the client's regulatory team must supply and approve this. In most markets a local presence of some form is required, but the specific mechanism varies by country and product type."},{"question":"Can you hold the marketing authorisation on our behalf?","answer":"Placeholder answer. MAH and local representation is one of the three core capabilities; availability differs per market and is shown on each country page."},{"question":"How is pharmacovigilance handled across multiple markets?","answer":"Placeholder answer covering local QPPV cover, case intake, aggregate reporting and inspection readiness."},{"question":"What happens after approval?","answer":"Placeholder answer covering variations, renewals, transfers and withdrawals — stages nine through twelve of the operating model."}]}	false	true
SEC-client-success-6	/client-success	60	contact-split	{"eyebrow":"Speak to an expert","heading":"Tell us the product and the market. We'll map the pathway.","fields":[{"label":"Name","wide":false},{"label":"Work email","wide":false},{"label":"Company","wide":false},{"label":"Country","wide":false},{"label":"Contact number","wide":false},{"label":"Purpose / remarks — tell us why you are getting in touch","wide":true}],"submitLabel":"Submit enquiry","submitHref":"/contact/enquiry","routes":[{"title":"Request a proposal","body":"Defined scope, timeline and commercial terms.","href":"/contact/proposal","emphasis":"neutral"},{"title":"Partnership enquiry","body":"For CROs, consultancies and local agents.","href":"/contact/partnership","emphasis":"neutral"},{"title":"Submit your CV","body":"Looking to join us? Send your CV and see the roles we are hiring for.","href":"/careers","linkLabel":"View openings","emphasis":"neutral"},{"title":"Pharmacovigilance & safety","body":"Report an adverse event or product safety concern. Handled separately from commercial enquiries.","href":"/contact/safety","linkLabel":"Safety reporting","emphasis":"safety"}],"generalLabel":"General enquiries","generalEmail":"cs@genedrift.com"}	false	true
SEC-company-1	/company	10	page-head	{"eyebrow":"Company","heading":"A long-term regulatory partner,","headingTail":"not a service provider you re-brief every quarter.","actions":[{"label":"Speak to an Expert","href":"/contact/enquiry","variant":"solid"},{"label":"Our operating model","href":"/company/operating-model","variant":"quiet"}]}	false	true
SEC-company-2	/company	20	sub-capability-grid	{"eyebrow":"In this section","heading":"Everything under Company.","standfirst":"Each area is owned by the team that delivers it.","navSource":"company","items":[]}	false	true
SEC-company-3	/company	30	value-grid	{"eyebrow":"Why Genedrift","heading":"More than a service provider. A long-term regulatory partner.","items":[{"title":"Fully in-house delivery","body":"No subcontractors. The team that files your dossier maintains it."},{"title":"Genuine local expertise","body":"In-country specialists who know the authority, not a remote desk."},{"title":"Regional project management","body":"One commercial partner and one project manager across every market."},{"title":"Quality-driven execution","body":"ISO-certified management systems and inspection-ready documentation."}]}	false	true
SEC-company-4	/company	40	process-grid	{"eyebrow":"Operating model","heading":"Twelve stages, filing to withdrawal.","standfirst":"The same team carries a product from the first strategy call through every renewal that follows.","stages":[{"title":"Regulatory strategy","body":"Target markets, pathway and sequencing agreed before anything is written."},{"title":"Regulatory intelligence","body":"Current country requirements, mapped and kept current."},{"title":"Classification & gap analysis","body":"What you have, against what each authority expects."},{"title":"Dossier preparation","body":"Compiled to the receiving authority's format, not a generic template."},{"title":"eCTD publishing","body":"Validated output, lifecycle-ready sequences."},{"title":"Submission management","body":"Filed locally, tracked centrally, reported to you."},{"title":"Authority interaction","body":"Queries answered by the people who wrote the dossier."},{"title":"Approval","body":"The licence issued, with every commitment logged for what follows."},{"title":"Lifecycle management","body":"Variations, renewals, transfers, notifications, withdrawals."},{"title":"MAH / local representation","body":"Licence held locally where you have no entity."},{"title":"Pharmacovigilance","body":"Local QPPV, case processing, aggregate reports, inspections."},{"title":"Dedicated resource","body":"Named FTE and embedded teams as the portfolio grows."}]}	false	true
SEC-company-5	/company	50	metric-row	{"eyebrow":"By the numbers","heading":"What the last few years look like.","items":[{"value":"46","label":"Markets","note":"Across six regions"},{"value":"170+","label":"Products","note":"Lifecycle managed for one client"},{"value":"50+","label":"Intelligence reports","note":"Delivered to multinationals"},{"value":"10+","label":"Saudi roadmaps","note":"For Gulf market entry"}]}	false	true
SEC-company-6	/company	60	faq-accordion	{"eyebrow":"Common questions","heading":"What people ask before they engage.","items":[{"question":"Do we need a local entity to register a product?","answer":"Placeholder answer — the client's regulatory team must supply and approve this. In most markets a local presence of some form is required, but the specific mechanism varies by country and product type."},{"question":"Can you hold the marketing authorisation on our behalf?","answer":"Placeholder answer. MAH and local representation is one of the three core capabilities; availability differs per market and is shown on each country page."},{"question":"How is pharmacovigilance handled across multiple markets?","answer":"Placeholder answer covering local QPPV cover, case intake, aggregate reporting and inspection readiness."},{"question":"What happens after approval?","answer":"Placeholder answer covering variations, renewals, transfers and withdrawals — stages nine through twelve of the operating model."}]}	false	true
SEC-company-7	/company	70	contact-split	{"eyebrow":"Speak to an expert","heading":"Tell us the product and the market. We'll map the pathway.","fields":[{"label":"Name","wide":false},{"label":"Work email","wide":false},{"label":"Company","wide":false},{"label":"Country","wide":false},{"label":"Contact number","wide":false},{"label":"Purpose / remarks — tell us why you are getting in touch","wide":true}],"submitLabel":"Submit enquiry","submitHref":"/contact/enquiry","routes":[{"title":"Request a proposal","body":"Defined scope, timeline and commercial terms.","href":"/contact/proposal","emphasis":"neutral"},{"title":"Partnership enquiry","body":"For CROs, consultancies and local agents.","href":"/contact/partnership","emphasis":"neutral"},{"title":"Submit your CV","body":"Looking to join us? Send your CV and see the roles we are hiring for.","href":"/careers","linkLabel":"View openings","emphasis":"neutral"},{"title":"Pharmacovigilance & safety","body":"Report an adverse event or product safety concern. Handled separately from commercial enquiries.","href":"/contact/safety","linkLabel":"Safety reporting","emphasis":"safety"}],"generalLabel":"General enquiries","generalEmail":"cs@genedrift.com"}	false	true
SEC-explore-business-needs-1	/explore/business-needs	10	page-head	{"eyebrow":"Explore","heading":"Business Needs.","standfirst":"Placeholder standfirst — the client's own description of this service replaces it through the CMS. Nothing on this page has been verified.","actions":[{"label":"Speak to an Expert","href":"/contact/enquiry","variant":"solid"},{"label":"Our operating model","href":"/company/operating-model","variant":"quiet"}]}	false	true
SEC-explore-business-needs-2	/explore/business-needs	20	process-grid	{"eyebrow":"Operating model","heading":"Twelve stages, filing to withdrawal.","standfirst":"The same team carries a product from the first strategy call through every renewal that follows.","stages":[{"title":"Regulatory strategy","body":"Target markets, pathway and sequencing agreed before anything is written."},{"title":"Regulatory intelligence","body":"Current country requirements, mapped and kept current."},{"title":"Classification & gap analysis","body":"What you have, against what each authority expects."},{"title":"Dossier preparation","body":"Compiled to the receiving authority's format, not a generic template."},{"title":"eCTD publishing","body":"Validated output, lifecycle-ready sequences."},{"title":"Submission management","body":"Filed locally, tracked centrally, reported to you."},{"title":"Authority interaction","body":"Queries answered by the people who wrote the dossier."},{"title":"Approval","body":"The licence issued, with every commitment logged for what follows."},{"title":"Lifecycle management","body":"Variations, renewals, transfers, notifications, withdrawals."},{"title":"MAH / local representation","body":"Licence held locally where you have no entity."},{"title":"Pharmacovigilance","body":"Local QPPV, case processing, aggregate reports, inspections."},{"title":"Dedicated resource","body":"Named FTE and embedded teams as the portfolio grows."}]}	false	true
SEC-explore-business-needs-3	/explore/business-needs	30	faq-accordion	{"eyebrow":"Common questions","heading":"What people ask before they engage.","items":[{"question":"Do we need a local entity to register a product?","answer":"Placeholder answer — the client's regulatory team must supply and approve this. In most markets a local presence of some form is required, but the specific mechanism varies by country and product type."},{"question":"Can you hold the marketing authorisation on our behalf?","answer":"Placeholder answer. MAH and local representation is one of the three core capabilities; availability differs per market and is shown on each country page."},{"question":"How is pharmacovigilance handled across multiple markets?","answer":"Placeholder answer covering local QPPV cover, case intake, aggregate reporting and inspection readiness."},{"question":"What happens after approval?","answer":"Placeholder answer covering variations, renewals, transfers and withdrawals — stages nine through twelve of the operating model."}]}	false	true
SEC-explore-business-needs-4	/explore/business-needs	40	contact-split	{"eyebrow":"Speak to an expert","heading":"Tell us the product and the market. We'll map the pathway.","fields":[{"label":"Name","wide":false},{"label":"Work email","wide":false},{"label":"Company","wide":false},{"label":"Country","wide":false},{"label":"Contact number","wide":false},{"label":"Purpose / remarks — tell us why you are getting in touch","wide":true}],"submitLabel":"Submit enquiry","submitHref":"/contact/enquiry","routes":[{"title":"Request a proposal","body":"Defined scope, timeline and commercial terms.","href":"/contact/proposal","emphasis":"neutral"},{"title":"Partnership enquiry","body":"For CROs, consultancies and local agents.","href":"/contact/partnership","emphasis":"neutral"},{"title":"Submit your CV","body":"Looking to join us? Send your CV and see the roles we are hiring for.","href":"/careers","linkLabel":"View openings","emphasis":"neutral"},{"title":"Pharmacovigilance & safety","body":"Report an adverse event or product safety concern. Handled separately from commercial enquiries.","href":"/contact/safety","linkLabel":"Safety reporting","emphasis":"safety"}],"generalLabel":"General enquiries","generalEmail":"cs@genedrift.com"}	false	true
SEC-explore-guided-journeys-1	/explore/guided-journeys	10	page-head	{"eyebrow":"Explore","heading":"Guided Journeys.","standfirst":"Placeholder standfirst — the client's own description of this service replaces it through the CMS. Nothing on this page has been verified.","actions":[{"label":"Speak to an Expert","href":"/contact/enquiry","variant":"solid"},{"label":"Our operating model","href":"/company/operating-model","variant":"quiet"}]}	false	true
SEC-explore-guided-journeys-2	/explore/guided-journeys	20	process-grid	{"eyebrow":"Operating model","heading":"Twelve stages, filing to withdrawal.","standfirst":"The same team carries a product from the first strategy call through every renewal that follows.","stages":[{"title":"Regulatory strategy","body":"Target markets, pathway and sequencing agreed before anything is written."},{"title":"Regulatory intelligence","body":"Current country requirements, mapped and kept current."},{"title":"Classification & gap analysis","body":"What you have, against what each authority expects."},{"title":"Dossier preparation","body":"Compiled to the receiving authority's format, not a generic template."},{"title":"eCTD publishing","body":"Validated output, lifecycle-ready sequences."},{"title":"Submission management","body":"Filed locally, tracked centrally, reported to you."},{"title":"Authority interaction","body":"Queries answered by the people who wrote the dossier."},{"title":"Approval","body":"The licence issued, with every commitment logged for what follows."},{"title":"Lifecycle management","body":"Variations, renewals, transfers, notifications, withdrawals."},{"title":"MAH / local representation","body":"Licence held locally where you have no entity."},{"title":"Pharmacovigilance","body":"Local QPPV, case processing, aggregate reports, inspections."},{"title":"Dedicated resource","body":"Named FTE and embedded teams as the portfolio grows."}]}	false	true
SEC-explore-guided-journeys-3	/explore/guided-journeys	30	faq-accordion	{"eyebrow":"Common questions","heading":"What people ask before they engage.","items":[{"question":"Do we need a local entity to register a product?","answer":"Placeholder answer — the client's regulatory team must supply and approve this. In most markets a local presence of some form is required, but the specific mechanism varies by country and product type."},{"question":"Can you hold the marketing authorisation on our behalf?","answer":"Placeholder answer. MAH and local representation is one of the three core capabilities; availability differs per market and is shown on each country page."},{"question":"How is pharmacovigilance handled across multiple markets?","answer":"Placeholder answer covering local QPPV cover, case intake, aggregate reporting and inspection readiness."},{"question":"What happens after approval?","answer":"Placeholder answer covering variations, renewals, transfers and withdrawals — stages nine through twelve of the operating model."}]}	false	true
SEC-explore-guided-journeys-4	/explore/guided-journeys	40	contact-split	{"eyebrow":"Speak to an expert","heading":"Tell us the product and the market. We'll map the pathway.","fields":[{"label":"Name","wide":false},{"label":"Work email","wide":false},{"label":"Company","wide":false},{"label":"Country","wide":false},{"label":"Contact number","wide":false},{"label":"Purpose / remarks — tell us why you are getting in touch","wide":true}],"submitLabel":"Submit enquiry","submitHref":"/contact/enquiry","routes":[{"title":"Request a proposal","body":"Defined scope, timeline and commercial terms.","href":"/contact/proposal","emphasis":"neutral"},{"title":"Partnership enquiry","body":"For CROs, consultancies and local agents.","href":"/contact/partnership","emphasis":"neutral"},{"title":"Submit your CV","body":"Looking to join us? Send your CV and see the roles we are hiring for.","href":"/careers","linkLabel":"View openings","emphasis":"neutral"},{"title":"Pharmacovigilance & safety","body":"Report an adverse event or product safety concern. Handled separately from commercial enquiries.","href":"/contact/safety","linkLabel":"Safety reporting","emphasis":"safety"}],"generalLabel":"General enquiries","generalEmail":"cs@genedrift.com"}	false	true
SEC-explore-questionnaire-1	/explore/questionnaire	10	page-head	{"eyebrow":"Explore","heading":"Questionnaire.","standfirst":"Placeholder standfirst — the client's own description of this service replaces it through the CMS. Nothing on this page has been verified.","actions":[{"label":"Speak to an Expert","href":"/contact/enquiry","variant":"solid"},{"label":"Our operating model","href":"/company/operating-model","variant":"quiet"}]}	false	true
SEC-explore-questionnaire-2	/explore/questionnaire	20	process-grid	{"eyebrow":"Operating model","heading":"Twelve stages, filing to withdrawal.","standfirst":"The same team carries a product from the first strategy call through every renewal that follows.","stages":[{"title":"Regulatory strategy","body":"Target markets, pathway and sequencing agreed before anything is written."},{"title":"Regulatory intelligence","body":"Current country requirements, mapped and kept current."},{"title":"Classification & gap analysis","body":"What you have, against what each authority expects."},{"title":"Dossier preparation","body":"Compiled to the receiving authority's format, not a generic template."},{"title":"eCTD publishing","body":"Validated output, lifecycle-ready sequences."},{"title":"Submission management","body":"Filed locally, tracked centrally, reported to you."},{"title":"Authority interaction","body":"Queries answered by the people who wrote the dossier."},{"title":"Approval","body":"The licence issued, with every commitment logged for what follows."},{"title":"Lifecycle management","body":"Variations, renewals, transfers, notifications, withdrawals."},{"title":"MAH / local representation","body":"Licence held locally where you have no entity."},{"title":"Pharmacovigilance","body":"Local QPPV, case processing, aggregate reports, inspections."},{"title":"Dedicated resource","body":"Named FTE and embedded teams as the portfolio grows."}]}	false	true
SEC-explore-questionnaire-3	/explore/questionnaire	30	faq-accordion	{"eyebrow":"Common questions","heading":"What people ask before they engage.","items":[{"question":"Do we need a local entity to register a product?","answer":"Placeholder answer — the client's regulatory team must supply and approve this. In most markets a local presence of some form is required, but the specific mechanism varies by country and product type."},{"question":"Can you hold the marketing authorisation on our behalf?","answer":"Placeholder answer. MAH and local representation is one of the three core capabilities; availability differs per market and is shown on each country page."},{"question":"How is pharmacovigilance handled across multiple markets?","answer":"Placeholder answer covering local QPPV cover, case intake, aggregate reporting and inspection readiness."},{"question":"What happens after approval?","answer":"Placeholder answer covering variations, renewals, transfers and withdrawals — stages nine through twelve of the operating model."}]}	false	true
SEC-explore-questionnaire-4	/explore/questionnaire	40	contact-split	{"eyebrow":"Speak to an expert","heading":"Tell us the product and the market. We'll map the pathway.","fields":[{"label":"Name","wide":false},{"label":"Work email","wide":false},{"label":"Company","wide":false},{"label":"Country","wide":false},{"label":"Contact number","wide":false},{"label":"Purpose / remarks — tell us why you are getting in touch","wide":true}],"submitLabel":"Submit enquiry","submitHref":"/contact/enquiry","routes":[{"title":"Request a proposal","body":"Defined scope, timeline and commercial terms.","href":"/contact/proposal","emphasis":"neutral"},{"title":"Partnership enquiry","body":"For CROs, consultancies and local agents.","href":"/contact/partnership","emphasis":"neutral"},{"title":"Submit your CV","body":"Looking to join us? Send your CV and see the roles we are hiring for.","href":"/careers","linkLabel":"View openings","emphasis":"neutral"},{"title":"Pharmacovigilance & safety","body":"Report an adverse event or product safety concern. Handled separately from commercial enquiries.","href":"/contact/safety","linkLabel":"Safety reporting","emphasis":"safety"}],"generalLabel":"General enquiries","generalEmail":"cs@genedrift.com"}	false	true
SEC-expertise-regulatory-affairs-1	/expertise/regulatory-affairs	10	page-head	{"eyebrow":"Expertise","heading":"Regulatory Affairs.","standfirst":"Placeholder standfirst — the client's own description of this service replaces it through the CMS. Nothing on this page has been verified.","actions":[{"label":"Speak to an Expert","href":"/contact/enquiry","variant":"solid"},{"label":"Our operating model","href":"/company/operating-model","variant":"quiet"}]}	false	true
SEC-expertise-regulatory-affairs-2	/expertise/regulatory-affairs	20	process-grid	{"eyebrow":"Operating model","heading":"Twelve stages, filing to withdrawal.","standfirst":"The same team carries a product from the first strategy call through every renewal that follows.","stages":[{"title":"Regulatory strategy","body":"Target markets, pathway and sequencing agreed before anything is written."},{"title":"Regulatory intelligence","body":"Current country requirements, mapped and kept current."},{"title":"Classification & gap analysis","body":"What you have, against what each authority expects."},{"title":"Dossier preparation","body":"Compiled to the receiving authority's format, not a generic template."},{"title":"eCTD publishing","body":"Validated output, lifecycle-ready sequences."},{"title":"Submission management","body":"Filed locally, tracked centrally, reported to you."},{"title":"Authority interaction","body":"Queries answered by the people who wrote the dossier."},{"title":"Approval","body":"The licence issued, with every commitment logged for what follows."},{"title":"Lifecycle management","body":"Variations, renewals, transfers, notifications, withdrawals."},{"title":"MAH / local representation","body":"Licence held locally where you have no entity."},{"title":"Pharmacovigilance","body":"Local QPPV, case processing, aggregate reports, inspections."},{"title":"Dedicated resource","body":"Named FTE and embedded teams as the portfolio grows."}]}	false	true
SEC-expertise-regulatory-affairs-3	/expertise/regulatory-affairs	30	faq-accordion	{"eyebrow":"Common questions","heading":"What people ask before they engage.","items":[{"question":"Do we need a local entity to register a product?","answer":"Placeholder answer — the client's regulatory team must supply and approve this. In most markets a local presence of some form is required, but the specific mechanism varies by country and product type."},{"question":"Can you hold the marketing authorisation on our behalf?","answer":"Placeholder answer. MAH and local representation is one of the three core capabilities; availability differs per market and is shown on each country page."},{"question":"How is pharmacovigilance handled across multiple markets?","answer":"Placeholder answer covering local QPPV cover, case intake, aggregate reporting and inspection readiness."},{"question":"What happens after approval?","answer":"Placeholder answer covering variations, renewals, transfers and withdrawals — stages nine through twelve of the operating model."}]}	false	true
SEC-expertise-regulatory-affairs-4	/expertise/regulatory-affairs	40	contact-split	{"eyebrow":"Speak to an expert","heading":"Tell us the product and the market. We'll map the pathway.","fields":[{"label":"Name","wide":false},{"label":"Work email","wide":false},{"label":"Company","wide":false},{"label":"Country","wide":false},{"label":"Contact number","wide":false},{"label":"Purpose / remarks — tell us why you are getting in touch","wide":true}],"submitLabel":"Submit enquiry","submitHref":"/contact/enquiry","routes":[{"title":"Request a proposal","body":"Defined scope, timeline and commercial terms.","href":"/contact/proposal","emphasis":"neutral"},{"title":"Partnership enquiry","body":"For CROs, consultancies and local agents.","href":"/contact/partnership","emphasis":"neutral"},{"title":"Submit your CV","body":"Looking to join us? Send your CV and see the roles we are hiring for.","href":"/careers","linkLabel":"View openings","emphasis":"neutral"},{"title":"Pharmacovigilance & safety","body":"Report an adverse event or product safety concern. Handled separately from commercial enquiries.","href":"/contact/safety","linkLabel":"Safety reporting","emphasis":"safety"}],"generalLabel":"General enquiries","generalEmail":"cs@genedrift.com"}	false	true
SEC-expertise-pharmacovigilance-1	/expertise/pharmacovigilance	10	page-head	{"eyebrow":"Expertise","heading":"Pharmacovigilance.","standfirst":"Placeholder standfirst — the client's own description of this service replaces it through the CMS. Nothing on this page has been verified.","actions":[{"label":"Speak to an Expert","href":"/contact/enquiry","variant":"solid"},{"label":"Our operating model","href":"/company/operating-model","variant":"quiet"}]}	false	true
SEC-expertise-pharmacovigilance-2	/expertise/pharmacovigilance	20	process-grid	{"eyebrow":"Operating model","heading":"Twelve stages, filing to withdrawal.","standfirst":"The same team carries a product from the first strategy call through every renewal that follows.","stages":[{"title":"Regulatory strategy","body":"Target markets, pathway and sequencing agreed before anything is written."},{"title":"Regulatory intelligence","body":"Current country requirements, mapped and kept current."},{"title":"Classification & gap analysis","body":"What you have, against what each authority expects."},{"title":"Dossier preparation","body":"Compiled to the receiving authority's format, not a generic template."},{"title":"eCTD publishing","body":"Validated output, lifecycle-ready sequences."},{"title":"Submission management","body":"Filed locally, tracked centrally, reported to you."},{"title":"Authority interaction","body":"Queries answered by the people who wrote the dossier."},{"title":"Approval","body":"The licence issued, with every commitment logged for what follows."},{"title":"Lifecycle management","body":"Variations, renewals, transfers, notifications, withdrawals."},{"title":"MAH / local representation","body":"Licence held locally where you have no entity."},{"title":"Pharmacovigilance","body":"Local QPPV, case processing, aggregate reports, inspections."},{"title":"Dedicated resource","body":"Named FTE and embedded teams as the portfolio grows."}]}	false	true
SEC-expertise-pharmacovigilance-3	/expertise/pharmacovigilance	30	faq-accordion	{"eyebrow":"Common questions","heading":"What people ask before they engage.","items":[{"question":"Do we need a local entity to register a product?","answer":"Placeholder answer — the client's regulatory team must supply and approve this. In most markets a local presence of some form is required, but the specific mechanism varies by country and product type."},{"question":"Can you hold the marketing authorisation on our behalf?","answer":"Placeholder answer. MAH and local representation is one of the three core capabilities; availability differs per market and is shown on each country page."},{"question":"How is pharmacovigilance handled across multiple markets?","answer":"Placeholder answer covering local QPPV cover, case intake, aggregate reporting and inspection readiness."},{"question":"What happens after approval?","answer":"Placeholder answer covering variations, renewals, transfers and withdrawals — stages nine through twelve of the operating model."}]}	false	true
SEC-expertise-pharmacovigilance-4	/expertise/pharmacovigilance	40	contact-split	{"eyebrow":"Speak to an expert","heading":"Tell us the product and the market. We'll map the pathway.","fields":[{"label":"Name","wide":false},{"label":"Work email","wide":false},{"label":"Company","wide":false},{"label":"Country","wide":false},{"label":"Contact number","wide":false},{"label":"Purpose / remarks — tell us why you are getting in touch","wide":true}],"submitLabel":"Submit enquiry","submitHref":"/contact/enquiry","routes":[{"title":"Request a proposal","body":"Defined scope, timeline and commercial terms.","href":"/contact/proposal","emphasis":"neutral"},{"title":"Partnership enquiry","body":"For CROs, consultancies and local agents.","href":"/contact/partnership","emphasis":"neutral"},{"title":"Submit your CV","body":"Looking to join us? Send your CV and see the roles we are hiring for.","href":"/careers","linkLabel":"View openings","emphasis":"neutral"},{"title":"Pharmacovigilance & safety","body":"Report an adverse event or product safety concern. Handled separately from commercial enquiries.","href":"/contact/safety","linkLabel":"Safety reporting","emphasis":"safety"}],"generalLabel":"General enquiries","generalEmail":"cs@genedrift.com"}	false	true
SEC-expertise-mah-local-representation-1	/expertise/mah-local-representation	10	page-head	{"eyebrow":"Expertise","heading":"MAH & Local Representation.","standfirst":"Placeholder standfirst — the client's own description of this service replaces it through the CMS. Nothing on this page has been verified.","actions":[{"label":"Speak to an Expert","href":"/contact/enquiry","variant":"solid"},{"label":"Our operating model","href":"/company/operating-model","variant":"quiet"}]}	false	true
SEC-expertise-mah-local-representation-2	/expertise/mah-local-representation	20	process-grid	{"eyebrow":"Operating model","heading":"Twelve stages, filing to withdrawal.","standfirst":"The same team carries a product from the first strategy call through every renewal that follows.","stages":[{"title":"Regulatory strategy","body":"Target markets, pathway and sequencing agreed before anything is written."},{"title":"Regulatory intelligence","body":"Current country requirements, mapped and kept current."},{"title":"Classification & gap analysis","body":"What you have, against what each authority expects."},{"title":"Dossier preparation","body":"Compiled to the receiving authority's format, not a generic template."},{"title":"eCTD publishing","body":"Validated output, lifecycle-ready sequences."},{"title":"Submission management","body":"Filed locally, tracked centrally, reported to you."},{"title":"Authority interaction","body":"Queries answered by the people who wrote the dossier."},{"title":"Approval","body":"The licence issued, with every commitment logged for what follows."},{"title":"Lifecycle management","body":"Variations, renewals, transfers, notifications, withdrawals."},{"title":"MAH / local representation","body":"Licence held locally where you have no entity."},{"title":"Pharmacovigilance","body":"Local QPPV, case processing, aggregate reports, inspections."},{"title":"Dedicated resource","body":"Named FTE and embedded teams as the portfolio grows."}]}	false	true
SEC-expertise-mah-local-representation-3	/expertise/mah-local-representation	30	faq-accordion	{"eyebrow":"Common questions","heading":"What people ask before they engage.","items":[{"question":"Do we need a local entity to register a product?","answer":"Placeholder answer — the client's regulatory team must supply and approve this. In most markets a local presence of some form is required, but the specific mechanism varies by country and product type."},{"question":"Can you hold the marketing authorisation on our behalf?","answer":"Placeholder answer. MAH and local representation is one of the three core capabilities; availability differs per market and is shown on each country page."},{"question":"How is pharmacovigilance handled across multiple markets?","answer":"Placeholder answer covering local QPPV cover, case intake, aggregate reporting and inspection readiness."},{"question":"What happens after approval?","answer":"Placeholder answer covering variations, renewals, transfers and withdrawals — stages nine through twelve of the operating model."}]}	false	true
SEC-expertise-mah-local-representation-4	/expertise/mah-local-representation	40	contact-split	{"eyebrow":"Speak to an expert","heading":"Tell us the product and the market. We'll map the pathway.","fields":[{"label":"Name","wide":false},{"label":"Work email","wide":false},{"label":"Company","wide":false},{"label":"Country","wide":false},{"label":"Contact number","wide":false},{"label":"Purpose / remarks — tell us why you are getting in touch","wide":true}],"submitLabel":"Submit enquiry","submitHref":"/contact/enquiry","routes":[{"title":"Request a proposal","body":"Defined scope, timeline and commercial terms.","href":"/contact/proposal","emphasis":"neutral"},{"title":"Partnership enquiry","body":"For CROs, consultancies and local agents.","href":"/contact/partnership","emphasis":"neutral"},{"title":"Submit your CV","body":"Looking to join us? Send your CV and see the roles we are hiring for.","href":"/careers","linkLabel":"View openings","emphasis":"neutral"},{"title":"Pharmacovigilance & safety","body":"Report an adverse event or product safety concern. Handled separately from commercial enquiries.","href":"/contact/safety","linkLabel":"Safety reporting","emphasis":"safety"}],"generalLabel":"General enquiries","generalEmail":"cs@genedrift.com"}	false	true
SEC-expertise-regulatory-intelligence-1	/expertise/regulatory-intelligence	10	page-head	{"eyebrow":"Expertise","heading":"Regulatory Intelligence.","standfirst":"Placeholder standfirst — the client's own description of this service replaces it through the CMS. Nothing on this page has been verified.","actions":[{"label":"Speak to an Expert","href":"/contact/enquiry","variant":"solid"},{"label":"Our operating model","href":"/company/operating-model","variant":"quiet"}]}	false	true
SEC-expertise-regulatory-intelligence-2	/expertise/regulatory-intelligence	20	process-grid	{"eyebrow":"Operating model","heading":"Twelve stages, filing to withdrawal.","standfirst":"The same team carries a product from the first strategy call through every renewal that follows.","stages":[{"title":"Regulatory strategy","body":"Target markets, pathway and sequencing agreed before anything is written."},{"title":"Regulatory intelligence","body":"Current country requirements, mapped and kept current."},{"title":"Classification & gap analysis","body":"What you have, against what each authority expects."},{"title":"Dossier preparation","body":"Compiled to the receiving authority's format, not a generic template."},{"title":"eCTD publishing","body":"Validated output, lifecycle-ready sequences."},{"title":"Submission management","body":"Filed locally, tracked centrally, reported to you."},{"title":"Authority interaction","body":"Queries answered by the people who wrote the dossier."},{"title":"Approval","body":"The licence issued, with every commitment logged for what follows."},{"title":"Lifecycle management","body":"Variations, renewals, transfers, notifications, withdrawals."},{"title":"MAH / local representation","body":"Licence held locally where you have no entity."},{"title":"Pharmacovigilance","body":"Local QPPV, case processing, aggregate reports, inspections."},{"title":"Dedicated resource","body":"Named FTE and embedded teams as the portfolio grows."}]}	false	true
SEC-expertise-regulatory-intelligence-3	/expertise/regulatory-intelligence	30	faq-accordion	{"eyebrow":"Common questions","heading":"What people ask before they engage.","items":[{"question":"Do we need a local entity to register a product?","answer":"Placeholder answer — the client's regulatory team must supply and approve this. In most markets a local presence of some form is required, but the specific mechanism varies by country and product type."},{"question":"Can you hold the marketing authorisation on our behalf?","answer":"Placeholder answer. MAH and local representation is one of the three core capabilities; availability differs per market and is shown on each country page."},{"question":"How is pharmacovigilance handled across multiple markets?","answer":"Placeholder answer covering local QPPV cover, case intake, aggregate reporting and inspection readiness."},{"question":"What happens after approval?","answer":"Placeholder answer covering variations, renewals, transfers and withdrawals — stages nine through twelve of the operating model."}]}	false	true
SEC-expertise-regulatory-intelligence-4	/expertise/regulatory-intelligence	40	contact-split	{"eyebrow":"Speak to an expert","heading":"Tell us the product and the market. We'll map the pathway.","fields":[{"label":"Name","wide":false},{"label":"Work email","wide":false},{"label":"Company","wide":false},{"label":"Country","wide":false},{"label":"Contact number","wide":false},{"label":"Purpose / remarks — tell us why you are getting in touch","wide":true}],"submitLabel":"Submit enquiry","submitHref":"/contact/enquiry","routes":[{"title":"Request a proposal","body":"Defined scope, timeline and commercial terms.","href":"/contact/proposal","emphasis":"neutral"},{"title":"Partnership enquiry","body":"For CROs, consultancies and local agents.","href":"/contact/partnership","emphasis":"neutral"},{"title":"Submit your CV","body":"Looking to join us? Send your CV and see the roles we are hiring for.","href":"/careers","linkLabel":"View openings","emphasis":"neutral"},{"title":"Pharmacovigilance & safety","body":"Report an adverse event or product safety concern. Handled separately from commercial enquiries.","href":"/contact/safety","linkLabel":"Safety reporting","emphasis":"safety"}],"generalLabel":"General enquiries","generalEmail":"cs@genedrift.com"}	false	true
SEC-expertise-managed-services-1	/expertise/managed-services	10	page-head	{"eyebrow":"Expertise","heading":"Managed Services.","standfirst":"Placeholder standfirst — the client's own description of this service replaces it through the CMS. Nothing on this page has been verified.","actions":[{"label":"Speak to an Expert","href":"/contact/enquiry","variant":"solid"},{"label":"Our operating model","href":"/company/operating-model","variant":"quiet"}]}	false	true
SEC-expertise-managed-services-2	/expertise/managed-services	20	process-grid	{"eyebrow":"Operating model","heading":"Twelve stages, filing to withdrawal.","standfirst":"The same team carries a product from the first strategy call through every renewal that follows.","stages":[{"title":"Regulatory strategy","body":"Target markets, pathway and sequencing agreed before anything is written."},{"title":"Regulatory intelligence","body":"Current country requirements, mapped and kept current."},{"title":"Classification & gap analysis","body":"What you have, against what each authority expects."},{"title":"Dossier preparation","body":"Compiled to the receiving authority's format, not a generic template."},{"title":"eCTD publishing","body":"Validated output, lifecycle-ready sequences."},{"title":"Submission management","body":"Filed locally, tracked centrally, reported to you."},{"title":"Authority interaction","body":"Queries answered by the people who wrote the dossier."},{"title":"Approval","body":"The licence issued, with every commitment logged for what follows."},{"title":"Lifecycle management","body":"Variations, renewals, transfers, notifications, withdrawals."},{"title":"MAH / local representation","body":"Licence held locally where you have no entity."},{"title":"Pharmacovigilance","body":"Local QPPV, case processing, aggregate reports, inspections."},{"title":"Dedicated resource","body":"Named FTE and embedded teams as the portfolio grows."}]}	false	true
SEC-expertise-managed-services-3	/expertise/managed-services	30	faq-accordion	{"eyebrow":"Common questions","heading":"What people ask before they engage.","items":[{"question":"Do we need a local entity to register a product?","answer":"Placeholder answer — the client's regulatory team must supply and approve this. In most markets a local presence of some form is required, but the specific mechanism varies by country and product type."},{"question":"Can you hold the marketing authorisation on our behalf?","answer":"Placeholder answer. MAH and local representation is one of the three core capabilities; availability differs per market and is shown on each country page."},{"question":"How is pharmacovigilance handled across multiple markets?","answer":"Placeholder answer covering local QPPV cover, case intake, aggregate reporting and inspection readiness."},{"question":"What happens after approval?","answer":"Placeholder answer covering variations, renewals, transfers and withdrawals — stages nine through twelve of the operating model."}]}	false	true
SEC-expertise-managed-services-4	/expertise/managed-services	40	contact-split	{"eyebrow":"Speak to an expert","heading":"Tell us the product and the market. We'll map the pathway.","fields":[{"label":"Name","wide":false},{"label":"Work email","wide":false},{"label":"Company","wide":false},{"label":"Country","wide":false},{"label":"Contact number","wide":false},{"label":"Purpose / remarks — tell us why you are getting in touch","wide":true}],"submitLabel":"Submit enquiry","submitHref":"/contact/enquiry","routes":[{"title":"Request a proposal","body":"Defined scope, timeline and commercial terms.","href":"/contact/proposal","emphasis":"neutral"},{"title":"Partnership enquiry","body":"For CROs, consultancies and local agents.","href":"/contact/partnership","emphasis":"neutral"},{"title":"Submit your CV","body":"Looking to join us? Send your CV and see the roles we are hiring for.","href":"/careers","linkLabel":"View openings","emphasis":"neutral"},{"title":"Pharmacovigilance & safety","body":"Report an adverse event or product safety concern. Handled separately from commercial enquiries.","href":"/contact/safety","linkLabel":"Safety reporting","emphasis":"safety"}],"generalLabel":"General enquiries","generalEmail":"cs@genedrift.com"}	false	true
SEC-expertise-dedicated-teams-1	/expertise/dedicated-teams	10	page-head	{"eyebrow":"Expertise","heading":"Dedicated Teams.","standfirst":"Placeholder standfirst — the client's own description of this service replaces it through the CMS. Nothing on this page has been verified.","actions":[{"label":"Speak to an Expert","href":"/contact/enquiry","variant":"solid"},{"label":"Our operating model","href":"/company/operating-model","variant":"quiet"}]}	false	true
SEC-expertise-dedicated-teams-2	/expertise/dedicated-teams	20	process-grid	{"eyebrow":"Operating model","heading":"Twelve stages, filing to withdrawal.","standfirst":"The same team carries a product from the first strategy call through every renewal that follows.","stages":[{"title":"Regulatory strategy","body":"Target markets, pathway and sequencing agreed before anything is written."},{"title":"Regulatory intelligence","body":"Current country requirements, mapped and kept current."},{"title":"Classification & gap analysis","body":"What you have, against what each authority expects."},{"title":"Dossier preparation","body":"Compiled to the receiving authority's format, not a generic template."},{"title":"eCTD publishing","body":"Validated output, lifecycle-ready sequences."},{"title":"Submission management","body":"Filed locally, tracked centrally, reported to you."},{"title":"Authority interaction","body":"Queries answered by the people who wrote the dossier."},{"title":"Approval","body":"The licence issued, with every commitment logged for what follows."},{"title":"Lifecycle management","body":"Variations, renewals, transfers, notifications, withdrawals."},{"title":"MAH / local representation","body":"Licence held locally where you have no entity."},{"title":"Pharmacovigilance","body":"Local QPPV, case processing, aggregate reports, inspections."},{"title":"Dedicated resource","body":"Named FTE and embedded teams as the portfolio grows."}]}	false	true
SEC-expertise-dedicated-teams-3	/expertise/dedicated-teams	30	faq-accordion	{"eyebrow":"Common questions","heading":"What people ask before they engage.","items":[{"question":"Do we need a local entity to register a product?","answer":"Placeholder answer — the client's regulatory team must supply and approve this. In most markets a local presence of some form is required, but the specific mechanism varies by country and product type."},{"question":"Can you hold the marketing authorisation on our behalf?","answer":"Placeholder answer. MAH and local representation is one of the three core capabilities; availability differs per market and is shown on each country page."},{"question":"How is pharmacovigilance handled across multiple markets?","answer":"Placeholder answer covering local QPPV cover, case intake, aggregate reporting and inspection readiness."},{"question":"What happens after approval?","answer":"Placeholder answer covering variations, renewals, transfers and withdrawals — stages nine through twelve of the operating model."}]}	false	true
SEC-expertise-dedicated-teams-4	/expertise/dedicated-teams	40	contact-split	{"eyebrow":"Speak to an expert","heading":"Tell us the product and the market. We'll map the pathway.","fields":[{"label":"Name","wide":false},{"label":"Work email","wide":false},{"label":"Company","wide":false},{"label":"Country","wide":false},{"label":"Contact number","wide":false},{"label":"Purpose / remarks — tell us why you are getting in touch","wide":true}],"submitLabel":"Submit enquiry","submitHref":"/contact/enquiry","routes":[{"title":"Request a proposal","body":"Defined scope, timeline and commercial terms.","href":"/contact/proposal","emphasis":"neutral"},{"title":"Partnership enquiry","body":"For CROs, consultancies and local agents.","href":"/contact/partnership","emphasis":"neutral"},{"title":"Submit your CV","body":"Looking to join us? Send your CV and see the roles we are hiring for.","href":"/careers","linkLabel":"View openings","emphasis":"neutral"},{"title":"Pharmacovigilance & safety","body":"Report an adverse event or product safety concern. Handled separately from commercial enquiries.","href":"/contact/safety","linkLabel":"Safety reporting","emphasis":"safety"}],"generalLabel":"General enquiries","generalEmail":"cs@genedrift.com"}	false	true
SEC-company-about-1	/company/about	10	page-head	{"eyebrow":"Company","heading":"About.","standfirst":"Placeholder standfirst — the client's own description of this service replaces it through the CMS. Nothing on this page has been verified.","actions":[{"label":"Speak to an Expert","href":"/contact/enquiry","variant":"solid"},{"label":"Our operating model","href":"/company/operating-model","variant":"quiet"}]}	false	true
SEC-company-about-2	/company/about	20	process-grid	{"eyebrow":"Operating model","heading":"Twelve stages, filing to withdrawal.","standfirst":"The same team carries a product from the first strategy call through every renewal that follows.","stages":[{"title":"Regulatory strategy","body":"Target markets, pathway and sequencing agreed before anything is written."},{"title":"Regulatory intelligence","body":"Current country requirements, mapped and kept current."},{"title":"Classification & gap analysis","body":"What you have, against what each authority expects."},{"title":"Dossier preparation","body":"Compiled to the receiving authority's format, not a generic template."},{"title":"eCTD publishing","body":"Validated output, lifecycle-ready sequences."},{"title":"Submission management","body":"Filed locally, tracked centrally, reported to you."},{"title":"Authority interaction","body":"Queries answered by the people who wrote the dossier."},{"title":"Approval","body":"The licence issued, with every commitment logged for what follows."},{"title":"Lifecycle management","body":"Variations, renewals, transfers, notifications, withdrawals."},{"title":"MAH / local representation","body":"Licence held locally where you have no entity."},{"title":"Pharmacovigilance","body":"Local QPPV, case processing, aggregate reports, inspections."},{"title":"Dedicated resource","body":"Named FTE and embedded teams as the portfolio grows."}]}	false	true
SEC-company-about-3	/company/about	30	faq-accordion	{"eyebrow":"Common questions","heading":"What people ask before they engage.","items":[{"question":"Do we need a local entity to register a product?","answer":"Placeholder answer — the client's regulatory team must supply and approve this. In most markets a local presence of some form is required, but the specific mechanism varies by country and product type."},{"question":"Can you hold the marketing authorisation on our behalf?","answer":"Placeholder answer. MAH and local representation is one of the three core capabilities; availability differs per market and is shown on each country page."},{"question":"How is pharmacovigilance handled across multiple markets?","answer":"Placeholder answer covering local QPPV cover, case intake, aggregate reporting and inspection readiness."},{"question":"What happens after approval?","answer":"Placeholder answer covering variations, renewals, transfers and withdrawals — stages nine through twelve of the operating model."}]}	false	true
SEC-company-about-4	/company/about	40	contact-split	{"eyebrow":"Speak to an expert","heading":"Tell us the product and the market. We'll map the pathway.","fields":[{"label":"Name","wide":false},{"label":"Work email","wide":false},{"label":"Company","wide":false},{"label":"Country","wide":false},{"label":"Contact number","wide":false},{"label":"Purpose / remarks — tell us why you are getting in touch","wide":true}],"submitLabel":"Submit enquiry","submitHref":"/contact/enquiry","routes":[{"title":"Request a proposal","body":"Defined scope, timeline and commercial terms.","href":"/contact/proposal","emphasis":"neutral"},{"title":"Partnership enquiry","body":"For CROs, consultancies and local agents.","href":"/contact/partnership","emphasis":"neutral"},{"title":"Submit your CV","body":"Looking to join us? Send your CV and see the roles we are hiring for.","href":"/careers","linkLabel":"View openings","emphasis":"neutral"},{"title":"Pharmacovigilance & safety","body":"Report an adverse event or product safety concern. Handled separately from commercial enquiries.","href":"/contact/safety","linkLabel":"Safety reporting","emphasis":"safety"}],"generalLabel":"General enquiries","generalEmail":"cs@genedrift.com"}	false	true
SEC-company-leadership-1	/company/leadership	10	page-head	{"eyebrow":"Company","heading":"Leadership.","standfirst":"Placeholder standfirst — the client's own description of this service replaces it through the CMS. Nothing on this page has been verified.","actions":[{"label":"Speak to an Expert","href":"/contact/enquiry","variant":"solid"},{"label":"Our operating model","href":"/company/operating-model","variant":"quiet"}]}	false	true
SEC-company-leadership-2	/company/leadership	20	process-grid	{"eyebrow":"Operating model","heading":"Twelve stages, filing to withdrawal.","standfirst":"The same team carries a product from the first strategy call through every renewal that follows.","stages":[{"title":"Regulatory strategy","body":"Target markets, pathway and sequencing agreed before anything is written."},{"title":"Regulatory intelligence","body":"Current country requirements, mapped and kept current."},{"title":"Classification & gap analysis","body":"What you have, against what each authority expects."},{"title":"Dossier preparation","body":"Compiled to the receiving authority's format, not a generic template."},{"title":"eCTD publishing","body":"Validated output, lifecycle-ready sequences."},{"title":"Submission management","body":"Filed locally, tracked centrally, reported to you."},{"title":"Authority interaction","body":"Queries answered by the people who wrote the dossier."},{"title":"Approval","body":"The licence issued, with every commitment logged for what follows."},{"title":"Lifecycle management","body":"Variations, renewals, transfers, notifications, withdrawals."},{"title":"MAH / local representation","body":"Licence held locally where you have no entity."},{"title":"Pharmacovigilance","body":"Local QPPV, case processing, aggregate reports, inspections."},{"title":"Dedicated resource","body":"Named FTE and embedded teams as the portfolio grows."}]}	false	true
SEC-company-leadership-3	/company/leadership	30	faq-accordion	{"eyebrow":"Common questions","heading":"What people ask before they engage.","items":[{"question":"Do we need a local entity to register a product?","answer":"Placeholder answer — the client's regulatory team must supply and approve this. In most markets a local presence of some form is required, but the specific mechanism varies by country and product type."},{"question":"Can you hold the marketing authorisation on our behalf?","answer":"Placeholder answer. MAH and local representation is one of the three core capabilities; availability differs per market and is shown on each country page."},{"question":"How is pharmacovigilance handled across multiple markets?","answer":"Placeholder answer covering local QPPV cover, case intake, aggregate reporting and inspection readiness."},{"question":"What happens after approval?","answer":"Placeholder answer covering variations, renewals, transfers and withdrawals — stages nine through twelve of the operating model."}]}	false	true
SEC-company-leadership-4	/company/leadership	40	contact-split	{"eyebrow":"Speak to an expert","heading":"Tell us the product and the market. We'll map the pathway.","fields":[{"label":"Name","wide":false},{"label":"Work email","wide":false},{"label":"Company","wide":false},{"label":"Country","wide":false},{"label":"Contact number","wide":false},{"label":"Purpose / remarks — tell us why you are getting in touch","wide":true}],"submitLabel":"Submit enquiry","submitHref":"/contact/enquiry","routes":[{"title":"Request a proposal","body":"Defined scope, timeline and commercial terms.","href":"/contact/proposal","emphasis":"neutral"},{"title":"Partnership enquiry","body":"For CROs, consultancies and local agents.","href":"/contact/partnership","emphasis":"neutral"},{"title":"Submit your CV","body":"Looking to join us? Send your CV and see the roles we are hiring for.","href":"/careers","linkLabel":"View openings","emphasis":"neutral"},{"title":"Pharmacovigilance & safety","body":"Report an adverse event or product safety concern. Handled separately from commercial enquiries.","href":"/contact/safety","linkLabel":"Safety reporting","emphasis":"safety"}],"generalLabel":"General enquiries","generalEmail":"cs@genedrift.com"}	false	true
SEC-company-operating-model-1	/company/operating-model	10	page-head	{"eyebrow":"Company","heading":"Operating Model.","standfirst":"Placeholder standfirst — the client's own description of this service replaces it through the CMS. Nothing on this page has been verified.","actions":[{"label":"Speak to an Expert","href":"/contact/enquiry","variant":"solid"},{"label":"Our operating model","href":"/company/operating-model","variant":"quiet"}]}	false	true
SEC-company-operating-model-2	/company/operating-model	20	process-grid	{"eyebrow":"Operating model","heading":"Twelve stages, filing to withdrawal.","standfirst":"The same team carries a product from the first strategy call through every renewal that follows.","stages":[{"title":"Regulatory strategy","body":"Target markets, pathway and sequencing agreed before anything is written."},{"title":"Regulatory intelligence","body":"Current country requirements, mapped and kept current."},{"title":"Classification & gap analysis","body":"What you have, against what each authority expects."},{"title":"Dossier preparation","body":"Compiled to the receiving authority's format, not a generic template."},{"title":"eCTD publishing","body":"Validated output, lifecycle-ready sequences."},{"title":"Submission management","body":"Filed locally, tracked centrally, reported to you."},{"title":"Authority interaction","body":"Queries answered by the people who wrote the dossier."},{"title":"Approval","body":"The licence issued, with every commitment logged for what follows."},{"title":"Lifecycle management","body":"Variations, renewals, transfers, notifications, withdrawals."},{"title":"MAH / local representation","body":"Licence held locally where you have no entity."},{"title":"Pharmacovigilance","body":"Local QPPV, case processing, aggregate reports, inspections."},{"title":"Dedicated resource","body":"Named FTE and embedded teams as the portfolio grows."}]}	false	true
SEC-company-operating-model-3	/company/operating-model	30	faq-accordion	{"eyebrow":"Common questions","heading":"What people ask before they engage.","items":[{"question":"Do we need a local entity to register a product?","answer":"Placeholder answer — the client's regulatory team must supply and approve this. In most markets a local presence of some form is required, but the specific mechanism varies by country and product type."},{"question":"Can you hold the marketing authorisation on our behalf?","answer":"Placeholder answer. MAH and local representation is one of the three core capabilities; availability differs per market and is shown on each country page."},{"question":"How is pharmacovigilance handled across multiple markets?","answer":"Placeholder answer covering local QPPV cover, case intake, aggregate reporting and inspection readiness."},{"question":"What happens after approval?","answer":"Placeholder answer covering variations, renewals, transfers and withdrawals — stages nine through twelve of the operating model."}]}	false	true
SEC-company-operating-model-4	/company/operating-model	40	contact-split	{"eyebrow":"Speak to an expert","heading":"Tell us the product and the market. We'll map the pathway.","fields":[{"label":"Name","wide":false},{"label":"Work email","wide":false},{"label":"Company","wide":false},{"label":"Country","wide":false},{"label":"Contact number","wide":false},{"label":"Purpose / remarks — tell us why you are getting in touch","wide":true}],"submitLabel":"Submit enquiry","submitHref":"/contact/enquiry","routes":[{"title":"Request a proposal","body":"Defined scope, timeline and commercial terms.","href":"/contact/proposal","emphasis":"neutral"},{"title":"Partnership enquiry","body":"For CROs, consultancies and local agents.","href":"/contact/partnership","emphasis":"neutral"},{"title":"Submit your CV","body":"Looking to join us? Send your CV and see the roles we are hiring for.","href":"/careers","linkLabel":"View openings","emphasis":"neutral"},{"title":"Pharmacovigilance & safety","body":"Report an adverse event or product safety concern. Handled separately from commercial enquiries.","href":"/contact/safety","linkLabel":"Safety reporting","emphasis":"safety"}],"generalLabel":"General enquiries","generalEmail":"cs@genedrift.com"}	false	true
SEC-company-quality-compliance-1	/company/quality-compliance	10	page-head	{"eyebrow":"Company","heading":"Quality & Compliance.","standfirst":"Placeholder standfirst — the client's own description of this service replaces it through the CMS. Nothing on this page has been verified.","actions":[{"label":"Speak to an Expert","href":"/contact/enquiry","variant":"solid"},{"label":"Our operating model","href":"/company/operating-model","variant":"quiet"}]}	false	true
SEC-company-quality-compliance-2	/company/quality-compliance	20	process-grid	{"eyebrow":"Operating model","heading":"Twelve stages, filing to withdrawal.","standfirst":"The same team carries a product from the first strategy call through every renewal that follows.","stages":[{"title":"Regulatory strategy","body":"Target markets, pathway and sequencing agreed before anything is written."},{"title":"Regulatory intelligence","body":"Current country requirements, mapped and kept current."},{"title":"Classification & gap analysis","body":"What you have, against what each authority expects."},{"title":"Dossier preparation","body":"Compiled to the receiving authority's format, not a generic template."},{"title":"eCTD publishing","body":"Validated output, lifecycle-ready sequences."},{"title":"Submission management","body":"Filed locally, tracked centrally, reported to you."},{"title":"Authority interaction","body":"Queries answered by the people who wrote the dossier."},{"title":"Approval","body":"The licence issued, with every commitment logged for what follows."},{"title":"Lifecycle management","body":"Variations, renewals, transfers, notifications, withdrawals."},{"title":"MAH / local representation","body":"Licence held locally where you have no entity."},{"title":"Pharmacovigilance","body":"Local QPPV, case processing, aggregate reports, inspections."},{"title":"Dedicated resource","body":"Named FTE and embedded teams as the portfolio grows."}]}	false	true
SEC-company-quality-compliance-3	/company/quality-compliance	30	faq-accordion	{"eyebrow":"Common questions","heading":"What people ask before they engage.","items":[{"question":"Do we need a local entity to register a product?","answer":"Placeholder answer — the client's regulatory team must supply and approve this. In most markets a local presence of some form is required, but the specific mechanism varies by country and product type."},{"question":"Can you hold the marketing authorisation on our behalf?","answer":"Placeholder answer. MAH and local representation is one of the three core capabilities; availability differs per market and is shown on each country page."},{"question":"How is pharmacovigilance handled across multiple markets?","answer":"Placeholder answer covering local QPPV cover, case intake, aggregate reporting and inspection readiness."},{"question":"What happens after approval?","answer":"Placeholder answer covering variations, renewals, transfers and withdrawals — stages nine through twelve of the operating model."}]}	false	true
SEC-company-quality-compliance-4	/company/quality-compliance	40	contact-split	{"eyebrow":"Speak to an expert","heading":"Tell us the product and the market. We'll map the pathway.","fields":[{"label":"Name","wide":false},{"label":"Work email","wide":false},{"label":"Company","wide":false},{"label":"Country","wide":false},{"label":"Contact number","wide":false},{"label":"Purpose / remarks — tell us why you are getting in touch","wide":true}],"submitLabel":"Submit enquiry","submitHref":"/contact/enquiry","routes":[{"title":"Request a proposal","body":"Defined scope, timeline and commercial terms.","href":"/contact/proposal","emphasis":"neutral"},{"title":"Partnership enquiry","body":"For CROs, consultancies and local agents.","href":"/contact/partnership","emphasis":"neutral"},{"title":"Submit your CV","body":"Looking to join us? Send your CV and see the roles we are hiring for.","href":"/careers","linkLabel":"View openings","emphasis":"neutral"},{"title":"Pharmacovigilance & safety","body":"Report an adverse event or product safety concern. Handled separately from commercial enquiries.","href":"/contact/safety","linkLabel":"Safety reporting","emphasis":"safety"}],"generalLabel":"General enquiries","generalEmail":"cs@genedrift.com"}	false	true
SEC-markets-1	/markets	10	page-head	{"eyebrow":"Markets","heading":"Forty-six markets across six regions,","headingTail":"each with its own filing route and lifecycle obligations.","actions":[{"label":"Speak to an Expert","href":"/contact/enquiry","variant":"solid"},{"label":"Our operating model","href":"/company/operating-model","variant":"quiet"}]}	false	true
SEC-markets-2	/markets	20	region-cards	{"eyebrow":"Global presence","heading":"Local execution across emerging markets —","headingTail":"46 markets, one accountability team","regions":[{"name":"Asia Pacific","count":"15","href":"/markets/asia-pacific","markets":[{"name":"India","href":"/markets/asia-pacific/india"},{"name":"Sri Lanka","href":"/markets/asia-pacific/sri-lanka"},{"name":"Philippines","href":"/markets/asia-pacific/philippines"},{"name":"Myanmar","href":"/markets/asia-pacific/myanmar"},{"name":"Vietnam","href":"/markets/asia-pacific/vietnam"},{"name":"Thailand","href":"/markets/asia-pacific/thailand"},{"name":"Indonesia","href":"/markets/asia-pacific/indonesia"},{"name":"Malaysia","href":"/markets/asia-pacific/malaysia"},{"name":"Singapore","href":"/markets/asia-pacific/singapore"},{"name":"Hong Kong","href":"/markets/asia-pacific/hong-kong"},{"name":"Taiwan","href":"/markets/asia-pacific/taiwan"},{"name":"Cambodia","href":"/markets/asia-pacific/cambodia"},{"name":"Brunei","href":"/markets/asia-pacific/brunei"},{"name":"Laos","href":"/markets/asia-pacific/laos"},{"name":"Pakistan","href":"/markets/asia-pacific/pakistan"}]},{"name":"Africa","count":"17","href":"/markets/africa","markets":[{"name":"Nigeria","href":"/markets/africa/nigeria"},{"name":"Kenya","href":"/markets/africa/kenya"},{"name":"South Africa","href":"/markets/africa/south-africa"},{"name":"Tanzania","href":"/markets/africa/tanzania"},{"name":"Ethiopia","href":"/markets/africa/ethiopia"},{"name":"Uganda","href":"/markets/africa/uganda"},{"name":"Zimbabwe","href":"/markets/africa/zimbabwe"},{"name":"Ghana","href":"/markets/africa/ghana"},{"name":"Côte d’Ivoire","href":"/markets/africa/cote-divoire"},{"name":"Senegal","href":"/markets/africa/senegal"},{"name":"Burkina Faso","href":"/markets/africa/burkina-faso"},{"name":"Togo","href":"/markets/africa/togo"},{"name":"Benin","href":"/markets/africa/benin"},{"name":"Cameroon","href":"/markets/africa/cameroon"},{"name":"DR Congo","href":"/markets/africa/dr-congo"},{"name":"Chad","href":"/markets/africa/chad"},{"name":"Madagascar","href":"/markets/africa/madagascar"}]},{"name":"Latin America","count":"06","href":"/markets/latin-america","markets":[{"name":"Peru","href":"/markets/latin-america/peru"},{"name":"Chile","href":"/markets/latin-america/chile"},{"name":"Guatemala","href":"/markets/latin-america/guatemala"},{"name":"Honduras","href":"/markets/latin-america/honduras"},{"name":"El Salvador","href":"/markets/latin-america/el-salvador"},{"name":"Nicaragua","href":"/markets/latin-america/nicaragua"}]},{"name":"CIS","count":"04","href":"/markets/cis","markets":[{"name":"Uzbekistan","href":"/markets/cis/uzbekistan"},{"name":"Kazakhstan","href":"/markets/cis/kazakhstan"},{"name":"Kyrgyzstan","href":"/markets/cis/kyrgyzstan"},{"name":"Azerbaijan","href":"/markets/cis/azerbaijan"}]},{"name":"Middle East","count":"02","href":"/markets/middle-east","markets":[{"name":"Saudi Arabia","href":"/markets/middle-east/saudi-arabia"},{"name":"United Arab Emirates","href":"/markets/middle-east/united-arab-emirates"}]},{"name":"Eastern Europe","count":"02","href":"/markets/eastern-europe","markets":[{"name":"Russia","href":"/markets/eastern-europe/russia"},{"name":"Ukraine","href":"/markets/eastern-europe/ukraine"}]}],"footnoteLeft":"Every market name links to its country page","footnoteRight":"Markets shown as points · no international boundaries are drawn"}	false	true
SEC-markets-3	/markets	30	contact-split	{"eyebrow":"Speak to an expert","heading":"Tell us the product and the market. We'll map the pathway.","fields":[{"label":"Name","wide":false},{"label":"Work email","wide":false},{"label":"Company","wide":false},{"label":"Country","wide":false},{"label":"Contact number","wide":false},{"label":"Purpose / remarks — tell us why you are getting in touch","wide":true}],"submitLabel":"Submit enquiry","submitHref":"/contact/enquiry","routes":[{"title":"Request a proposal","body":"Defined scope, timeline and commercial terms.","href":"/contact/proposal","emphasis":"neutral"},{"title":"Partnership enquiry","body":"For CROs, consultancies and local agents.","href":"/contact/partnership","emphasis":"neutral"},{"title":"Submit your CV","body":"Looking to join us? Send your CV and see the roles we are hiring for.","href":"/careers","linkLabel":"View openings","emphasis":"neutral"},{"title":"Pharmacovigilance & safety","body":"Report an adverse event or product safety concern. Handled separately from commercial enquiries.","href":"/contact/safety","linkLabel":"Safety reporting","emphasis":"safety"}],"generalLabel":"General enquiries","generalEmail":"cs@genedrift.com"}	false	true
SEC-global-presence-1	/global-presence	10	page-head	{"eyebrow":"Global presence","heading":"Forty-six markets,","headingTail":"one search away.","standfirst":"Search for a market to see which services are live there, which are coming, and where to go next.","actions":[]}	false	true
SEC-global-presence-2	/global-presence	20	market-directory	{"searchLabel":"Search for a country","searchPlaceholder":"Start typing a country or region…","countryColumnLabel":"Market","regionColumnLabel":"Region","emptyLabel":"No market matches that search.","marketSource":"all"}	false	true
SEC-global-presence-3	/global-presence	30	contact-split	{"eyebrow":"Speak to an expert","heading":"Tell us the product and the market. We'll map the pathway.","fields":[{"label":"Name","wide":false},{"label":"Work email","wide":false},{"label":"Company","wide":false},{"label":"Country","wide":false},{"label":"Contact number","wide":false},{"label":"Purpose / remarks — tell us why you are getting in touch","wide":true}],"submitLabel":"Submit enquiry","submitHref":"/contact/enquiry","routes":[{"title":"Request a proposal","body":"Defined scope, timeline and commercial terms.","href":"/contact/proposal","emphasis":"neutral"},{"title":"Partnership enquiry","body":"For CROs, consultancies and local agents.","href":"/contact/partnership","emphasis":"neutral"},{"title":"Submit your CV","body":"Looking to join us? Send your CV and see the roles we are hiring for.","href":"/careers","linkLabel":"View openings","emphasis":"neutral"},{"title":"Pharmacovigilance & safety","body":"Report an adverse event or product safety concern. Handled separately from commercial enquiries.","href":"/contact/safety","linkLabel":"Safety reporting","emphasis":"safety"}],"generalLabel":"General enquiries","generalEmail":"cs@genedrift.com"}	false	true
SEC-careers-1	/careers	10	page-head	{"eyebrow":"Careers","heading":"Regulatory careers with real ownership.","headingTail":"In-country specialists, not a remote processing desk.","actions":[{"label":"Speak to an Expert","href":"/contact/enquiry","variant":"solid"},{"label":"Our operating model","href":"/company/operating-model","variant":"quiet"}]}	false	true
SEC-careers-2	/careers	20	value-grid	{"eyebrow":"Why Genedrift","heading":"More than a service provider. A long-term regulatory partner.","items":[{"title":"Fully in-house delivery","body":"No subcontractors. The team that files your dossier maintains it."},{"title":"Genuine local expertise","body":"In-country specialists who know the authority, not a remote desk."},{"title":"Regional project management","body":"One commercial partner and one project manager across every market."},{"title":"Quality-driven execution","body":"ISO-certified management systems and inspection-ready documentation."}]}	false	true
SEC-careers-3	/careers	30	job-list	{"eyebrow":"Current openings","heading":"Roles open right now.","standfirst":"Every role is in-house. We do not place contractors with clients under our name.","source":"all","emptyMessage":"No openings are listed right now. We still read speculative applications from regulatory and pharmacovigilance specialists.","emptyCtaLabel":"Send a speculative application","emptyCtaHref":"/contact/enquiry"}	false	true
SEC-careers-4	/careers	40	faq-accordion	{"eyebrow":"Common questions","heading":"What people ask before they engage.","items":[{"question":"Do we need a local entity to register a product?","answer":"Placeholder answer — the client's regulatory team must supply and approve this. In most markets a local presence of some form is required, but the specific mechanism varies by country and product type."},{"question":"Can you hold the marketing authorisation on our behalf?","answer":"Placeholder answer. MAH and local representation is one of the three core capabilities; availability differs per market and is shown on each country page."},{"question":"How is pharmacovigilance handled across multiple markets?","answer":"Placeholder answer covering local QPPV cover, case intake, aggregate reporting and inspection readiness."},{"question":"What happens after approval?","answer":"Placeholder answer covering variations, renewals, transfers and withdrawals — stages nine through twelve of the operating model."}]}	false	true
SEC-careers-5	/careers	50	contact-split	{"eyebrow":"Speak to an expert","heading":"Tell us the product and the market. We'll map the pathway.","fields":[{"label":"Name","wide":false},{"label":"Work email","wide":false},{"label":"Company","wide":false},{"label":"Country","wide":false},{"label":"Contact number","wide":false},{"label":"Purpose / remarks — tell us why you are getting in touch","wide":true}],"submitLabel":"Submit enquiry","submitHref":"/contact/enquiry","routes":[{"title":"Request a proposal","body":"Defined scope, timeline and commercial terms.","href":"/contact/proposal","emphasis":"neutral"},{"title":"Partnership enquiry","body":"For CROs, consultancies and local agents.","href":"/contact/partnership","emphasis":"neutral"},{"title":"Submit your CV","body":"Looking to join us? Send your CV and see the roles we are hiring for.","href":"/careers","linkLabel":"View openings","emphasis":"neutral"},{"title":"Pharmacovigilance & safety","body":"Report an adverse event or product safety concern. Handled separately from commercial enquiries.","href":"/contact/safety","linkLabel":"Safety reporting","emphasis":"safety"}],"generalLabel":"General enquiries","generalEmail":"cs@genedrift.com"}	false	true
